"푸드파이터 맛있고 간편한 푸파 생 썰은김치 10kg, 1box","10,900"
"곰곰 배추 김치, 10kg, 1개","14,490"
"비비고 썰은배추김치, 1.8kg, 1개","13,890"
"종가집 포기김치, 4kg, 1개","25,140"
"친정김치 배추김치 5kg 10kg, 1개","19,900"
"[고객감사할인] 자연앤김치 생포기김치 10kg, 단품","22,900"
"종가집 맛김치, 1kg, 1개","8,900"
"곰곰 국내산 포기 김치, 4kg, 1개","19,740"
"여수돌산갓영농조합 여수 돌산 고들빼기김치, 2kg, 1개","19,800"
"곰곰 국내산 썰은 배추 김치, 1.8kg, 1개","10,890"
"곰곰 썰은 배추김치, 10kg, 1개","14,290"
"친정김치 배추김치 5kg 10kg, 1개","19,900"
"종가집 전라도 포기김치, 3.3kg, 1개","22,720"
"곰곰 국내산 열무 김치, 1kg, 1개","7,990"
"곰곰 국내산 썰은 배추 김치, 1kg, 1개","8,400"
"해드림 생포기김치, 10kg, 1개","10,900"
"조은해남 전라도 배추김치 5kg 10kg HACCP인증 일반상품, 1박스","28,500"
"비비고 김장김치처럼 시원한 포기김치, 3kg, 1개","22,900"
"곰곰 국내산 열무 김치, 1.5kg, 1개","12,090"
"비비고 포기배추김치, 4.9kg, 1개","37,900"
"모산 장군차포기김치, 4.5kg, 1개","21,500"
"종가집 썰어담은 맛김치, 1.7kg, 1봉","13,530"
"[로켓프레시] 곰곰 열무를 넣은 총각 김치, 1.3kg, 1개","11,280"
"친정김치 배추김치 5kg 10kg, 1개","31,900"
"비비고 총각김치, 1.5kg, 1개","12,920"
"곰곰 국내산 총각 김치, 1.5kg, 1개","10,420"
"[로켓프레시] 곰곰 백김치, 1kg, 1개","7,880"
이종임 포기김치 10kg / 100% 국내산농산물,"37,900"
"청원김치 청원 포기김치 국산 HACCP 인증 시원하고 깊은맛, 10kg, 1개","37,000"
"곰곰 국내산 총각 김치, 2.5kg, 1개","17,630"
"양반 자연을 담그다 썰은김치, 80g, 10개","9,000"
"하나김치 썰은 맛김치, 10kg, 1개","15,400"
"해드림 생포기김치 10kg, 1개","10,900"
"안동학가산김치 고랭지 포기김치4kg_100%국산, 4kg, 1개","21,900"
"종가집 현명한주부의 포기김치, 5kg, 1개","27,900"
"푸드파이터 맛있고 간편한 푸파 생 썰은김치 10kg, 1box","10,900"
